{"test_rmse": [0.9996789164057599, 0.9628828752960447, 0.9431372675667594, 0.9304692334343251, 0.9156508002293858, 0.9109018977395763, 0.9048299973703482, 0.8998169133801364], "test_mae": [0.7660071153905283, 0.7372687647295076, 0.7211228723382115, 0.7113869754584489, 0.700514639003259, 0.6965107908203023, 0.6913976898757286, 0.6874826333700093], "test_time": [2.3067920923233034, 2.2628615379333494, 2.3647147178649903, 2.3562804460525513, 2.636900305747986, 2.662782335281372, 2.845031237602234, 3.110960507392883], "fit_time": [14.52173867225647, 14.53164553642273, 14.66644868850708, 14.44227967262268, 14.5617285490036, 14.75605342388153, 14.795559358596801, 14.744955897331238]}