{"test_rmse": [0.8692123203947505, 0.8676348748196169, 0.8667403003157179, 0.8685210755298154, 0.8678850177184818, 0.8690486463510041, 0.8672067102712759, 0.8687747732207305], "test_mae": [0.6669537287263281, 0.6666784988471229, 0.6648443216645565, 0.6667685432637049, 0.6664867289116698, 0.66782060969919, 0.6654923524595633, 0.6668826451119927], "test_time": [0.08454380035400391, 0.0846752643585205, 0.07781310081481933, 0.07857587337493896, 0.08313853740692138, 0.08532750606536865, 0.07862792015075684, 0.08692719936370849], "fit_time": [4.281811952590942, 4.21526792049408, 4.023878002166748, 4.147775745391845, 4.24993326663971, 4.308193802833557, 4.056184577941894, 4.150481081008911]}