{"test_rmse": [0.8689902080202276, 0.868441976358276, 0.8683302391980696, 0.8680623480847686, 0.8676310962645557, 0.8686322393139744, 0.8677654090782333, 0.8686063747049791], "test_mae": [0.6668633663029417, 0.6665919053239798, 0.6667113395410278, 0.6663197252090235, 0.6661206444772391, 0.6668783585256512, 0.665803303345461, 0.666748094077587], "test_time": [0.05591053962707519, 0.09511628150939941, 0.0799762487411499, 0.06264562606811523, 0.08602147102355957, 0.0836411952972412, 0.08039400577545167, 0.08286545276641846], "fit_time": [4.218276691436768, 4.508403038978576, 4.397751498222351, 4.210764932632446, 4.148964238166809, 4.351970529556274, 4.2619473218917845, 4.237087368965149]}