{"test_rmse": [1.1389282751738592, 1.0771624113832652, 1.048337226970518, 1.032863785826611, 1.0056608005840597, 0.9975481178707188, 0.9853496831235506, 0.978427242494415], "test_mae": [0.8817307079882803, 0.8389155511946681, 0.8175249722153553, 0.8063939498927393, 0.7847635245192939, 0.7776794983156681, 0.768031085062542, 0.7629048851320495], "test_time": [2.556432318687439, 2.5198236227035524, 2.521456789970398, 2.5429558753967285, 2.987016773223877, 2.7226560354232787, 3.063122773170471, 3.207524061203003], "fit_time": [15.392097854614258, 15.09028742313385, 15.274919390678406, 15.136675786972045, 16.036369967460633, 15.37019748687744, 15.314914298057555, 15.74941153526306]}